<?xml version="1.0" encoding="UTF-8"?>
<catalog xmlns="urn:oasis:names:tc:entity:xmlns:xml:catalog" prefer="public">
    
    <!-- DITA Learnig Specialization plugin-->
    <public publicId="-//BENTLEY//DTD DITA 1.1 Learning Assessment//EN" uri="bentley_learningAssessment.dtd"/>
    <public publicId="-//BENTLEY//ELEMENTS DITA 1.1 Learning Assessment//EN" uri="bentley_learningAssessment.mod"/>
    <public publicId="-//BENTLEY//DTD DITA 1.1 Learning Base//EN" uri="bentley_learningBase.dtd"/>
    <public publicId="-//BENTLEY//ELEMENTS DITA 1.1 Learning Base//EN" uri="bentley_learningBase.mod"/>
    <public publicId="-//BENTLEY//DTD DITA 1.1 Learning Content//EN" uri="bentley_learningContent.dtd"/>
    <public publicId="-//BENTLEY//ELEMENTS DITA 1.1 Learning Content//EN" uri="bentley_learningContent.mod"/>
    <public publicId="-//BENTLEY//ENTITIES DITA 1.1 Learning Domain//EN" uri="bentley_learningDomain.ent"/>
    <public publicId="-//BENTLEY//ELEMENTS DITA 1.1 Learning Domain//EN" uri="bentley_learningDomain.mod"/>
    <public publicId="-//BENTLEY//ELEMENTS DITA 1.1 Learning lcLom Domain//EN" uri="bentley_learninglcLom.mod"/>
    <public publicId="-//BENTLEY//DTD DITA 1.1 Learning Map//EN" uri="bentley_learningMap.dtd"/>
    <public publicId="-//BENTLEY//ENTITIES DITA 1.1 Learning Map Domain//EN" uri="bentley_learningMapDomain.ent"/>
    <public publicId="-//BENTLEY//ELEMENTS DITA 1.1 Learning Map Domain//EN" uri="bentley_learningMapDomain.mod"/>
    <public publicId="-//BENTLEY//ELEMENTS DITA 1.1 Learning Metadata Domain//EN" uri="bentley_learningMetadata.mod"/>
    <public publicId="-//BENTLEY//DTD DITA 1.1 Learning Overview//EN" uri="bentley_learningOverview.dtd"/>
    <public publicId="-//BENTLEY//ELEMENTS DITA 1.1 Learning Overview//EN" uri="bentley_learningOverview.mod"/>
    <public publicId="-//BENTLEY//DTD DITA 1.1 Learning Plan//EN" uri="bentley_learningPlan.dtd"/>
    <public publicId="-//BENTLEY//ELEMENTS DITA 1.1 Learning Plan//EN" uri="bentley_learningPlan.mod"/>
    <public publicId="-//BENTLEY//DTD DITA 1.1 Learning Summary//EN" uri="bentley_learningSummary.dtd"/>
    <public publicId="-//BENTLEY//ELEMENTS DITA 1.1 Learning Summary//EN" uri="bentley_learningSummary.mod"/>
</catalog>
